[
  {
    "id": 1,
    "title": "O que é um algoritmo?",
    "description": "Descubra o que é um algoritmo e como ele influencia o mundo digital.",
    "image": "/images/algoritmo-icon.png",
    "difficulty": "Fácil"
  },
  {
    "id": 2,
    "title": "Estudar ou descansar?",
    "description": "Aprenda a equilibrar seus estudos e momentos de descanso.",
    "image": "/images/pensando-icon.png",
    "difficulty": "Médio"
  },
  {
    "id": 3,
    "title": "Resolver desafios lógicos",
    "description": "Teste sua mente com pequenos desafios de lógica e raciocínio.",
    "image": "/images/desafio-icon.png",
    "difficulty": "Difícil"
  }
]
